[{"model": "contenttypes.contenttype", "pk": 1, "fields": {"app_label": "admin", "model": "logentry"}}, {"model": "contenttypes.contenttype", "pk": 2, "fields": {"app_label": "auth", "model": "permission"}}, {"model": "contenttypes.contenttype", "pk": 3, "fields": {"app_label": "auth", "model": "group"}}, {"model": "contenttypes.contenttype", "pk": 4, "fields": {"app_label": "contenttypes", "model": "contenttype"}}, {"model": "contenttypes.contenttype", "pk": 5, "fields": {"app_label": "sessions", "model": "session"}}, {"model": "contenttypes.contenttype", "pk": 6, "fields": {"app_label": "Backend", "model": "car"}}, {"model": "contenttypes.contenttype", "pk": 7, "fields": {"app_label": "Backend", "model": "user"}}, {"model": "contenttypes.contenttype", "pk": 8, "fields": {"app_label": "Backend", "model": "cart"}}, {"model": "contenttypes.contenttype", "pk": 9, "fields": {"app_label": "Backend", "model": "carimage"}}, {"model": "contenttypes.contenttype", "pk": 10, "fields": {"app_label": "Backend", "model": "order"}}, {"model": "contenttypes.contenttype", "pk": 11, "fields": {"app_label": "Backend", "model": "order_car"}}, {"model": "contenttypes.contenttype", "pk": 12, "fields": {"app_label": "Backend", "model": "comment"}}, {"model": "sessions.session", "pk": "46vhne2j73ebq932d9i3r246t08zwrga", "fields": {"session_data": "Y2I2ZDE3NTcxODVhMGNmMGNmMjZiNzVhZmMzZGRkMjcxZDk3MWMwYjp7Il9hdXRoX3VzZXJfaWQiOiIxIiwiX2F1dGhfdXNlcl9iYWNrZW5kIjoiZGphbmdvLmNvbnRyaWIuYXV0aC5iYWNrZW5kcy5Nb2RlbEJhY2tlbmQiLCJfYXV0aF91c2VyX2hhc2giOiIzMzZmMzk5ZWMzNDk0MTRkZGFkZTg1NjU2OTM3N2IyODJmODk1OGI1In0=", "expire_date": "2020-04-23T21:25:01.067Z"}}, {"model": "sessions.session", "pk": "dz93gkmogt77j6ob28mthv5qvdxpzs9j", "fields": {"session_data": "Y2I2ZDE3NTcxODVhMGNmMGNmMjZiNzVhZmMzZGRkMjcxZDk3MWMwYjp7Il9hdXRoX3VzZXJfaWQiOiIxIiwiX2F1dGhfdXNlcl9iYWNrZW5kIjoiZGphbmdvLmNvbnRyaWIuYXV0aC5iYWNrZW5kcy5Nb2RlbEJhY2tlbmQiLCJfYXV0aF91c2VyX2hhc2giOiIzMzZmMzk5ZWMzNDk0MTRkZGFkZTg1NjU2OTM3N2IyODJmODk1OGI1In0=", "expire_date": "2020-04-09T02:47:18.276Z"}}, {"model": "Backend.car", "pk": 1, "fields": {"name": "RAV4", "des": "description", "year": 2020, "brand": "Toyota", "category": "SUV", "model": "2.5L 4-Cyl", "price": 27025, "horsepower": 203, "mpg": 28, "fuelType": "Gasoline", "seating": "Second Row Seating", "drivetrain": "FWD", "color": "Super White", "engine": "2.5L I4 16V PDI DOHC", "transmission": "8-Speed Automatic", "stockid": "LD049853", "vin": "JTMC1RFV1LD049853", "mileage": 0, "expertRating": 3, "img": "cars/1.png", "enable": true, "priority": 1}}, {"model": "Backend.car", "pk": 2, "fields": {"name": "CR-V", "des": "description", "year": 2020, "brand": "Honda", "category": "SUV", "model": "EX 4-Cyl, Turbo, 1.5 Liter", "price": 26985, "horsepower": 190, "mpg": 30, "fuelType": "Gasoline", "seating": "Second Row Seating", "drivetrain": "FWD", "color": "Modern Steel", "engine": "1.5L I4 16V GDI DOHC Turbo", "transmission": "Automatic CVT", "stockid": "200560", "vin": "5J6RW1H50LA006448", "mileage": 4, "expertRating": 3, "img": "cars/2.png", "enable": true, "priority": 1}}, {"model": "Backend.car", "pk": 3, "fields": {"name": "Forester", "des": "description", "year": 2020, "brand": "Subaru", "category": "SUV", "model": "Base Style\n4-Cyl, 2.5 Liter", "price": 24500, "horsepower": 182, "mpg": 29, "fuelType": "Gasoline", "seating": "Second Row Seating", "drivetrain": "FWD", "color": "Jasper Green Metallic", "engine": "2.5L H4 16V GDI DOHC", "transmission": "Automatic CVT", "stockid": "S35828", "vin": "JF2SKAGC4LH503949", "mileage": 0, "expertRating": 3, "img": "cars/3.png", "enable": true, "priority": 1}}, {"model": "Backend.car", "pk": 4, "fields": {"name": "Corolla", "des": "description", "year": 2020, "brand": "Toyota", "category": "Sedan", "model": "LE\n4-Cyl, 1.8 Liter", "price": 19000, "horsepower": 169, "mpg": 32, "fuelType": "Gasoline", "seating": "Second Row Seating", "drivetrain": "FWD", "color": "Blizzard Pearl", "engine": "1.8L I4 16V MPFI DOHC", "transmission": "Automatic CVT", "stockid": "T5467", "vin": "5YFEPRAE2LP062784", "mileage": 0, "expertRating": 3, "img": "cars/4.png", "enable": true, "priority": 1}}, {"model": "Backend.car", "pk": 5, "fields": {"name": "Accord", "des": "description", "year": 2020, "brand": "Honda", "category": "Sedan", "model": "LX\n4-Cyl, i-VTEC, Turbo, 1.5 Liter", "price": 23000, "horsepower": 192, "mpg": 33, "fuelType": "Gasoline", "seating": "Second Row Seating", "drivetrain": "FWD", "color": "Platinum White Pearl", "engine": "1.5L I4 16V GDI DOHC Turbo", "transmission": "6-Speed Manual", "stockid": "LA012282", "vin": "1HGCV1E37LA012282", "mileage": 28, "expertRating": 3, "img": "cars/5.png", "enable": true, "priority": 1}}, {"model": "Backend.car", "pk": 6, "fields": {"name": "Maxima", "des": "description", "year": 2020, "brand": "Nissan", "category": "Sedan", "model": "SV\nV6, 3.5 Liter", "price": 35000, "horsepower": 300, "mpg": 24, "fuelType": "Gasoline", "seating": "Second Row Seating", "drivetrain": "FWD", "color": "Gun Metallic", "engine": "3.5L V6 24V GDI DOHC", "transmission": "Automatic CVT", "stockid": "85331", "vin": "1N4AA6AVXKC379823", "mileage": 199, "expertRating": 3, "img": "cars/6.png", "enable": true, "priority": 1}}, {"model": "Backend.car", "pk": 7, "fields": {"name": "Rio", "des": "description", "year": 2020, "brand": "Kia", "category": "Hatchback", "model": "S\n4-Cyl, 1.6 Liter ", "price": 16700, "horsepower": 120, "mpg": 36, "fuelType": "Gasoline", "seating": "Second Row Seating", "drivetrain": "FWD", "color": "Deep Sea Blue", "engine": "1.6L I4 16V MPFI DOHC", "transmission": "Automatic CVT", "stockid": "7558", "vin": "3KPA25AD1LE272940", "mileage": 5, "expertRating": 3, "img": "cars/7.png", "enable": true, "priority": 1}}, {"model": "Backend.car", "pk": 8, "fields": {"name": "Yaris", "des": "description", "year": 2020, "brand": "Toyota", "category": "Hatchback", "model": "LE\n4-Cyl,MultiAir, Turbo, 1.4 Liter", "price": 15700, "horsepower": 135, "mpg": 32, "fuelType": "Gasoline", "seating": "Second Row Seating", "drivetrain": "FWD", "color": "Frost", "engine": "Regular Unleaded I-4 1.5 L/91", "transmission": "Automatic", "stockid": "20210", "vin": "3MYDLBJV6LY702091", "mileage": 0, "expertRating": 3, "img": "cars/8.png", "enable": true, "priority": 1}}, {"model": "Backend.car", "pk": 9, "fields": {"name": "Spark\n", "des": "description", "year": 2020, "brand": "Chevrolet", "category": "Hatchback", "model": "LS\n4-Cyl, ECOTEC, 1.4 Liter ", "price": 13000, "horsepower": 98, "mpg": 33, "fuelType": "Gasoline", "seating": "Second Row Seating", "drivetrain": "FWD", "color": "Raspberry", "engine": "1.4L I4 16V MPFI DOHC", "transmission": "Automatic CVT", "stockid": "1-2151", "vin": "KL8CB6SA2LC419365", "mileage": 0, "expertRating": 3, "img": "cars/9.png", "enable": true, "priority": 1}}, {"model": "Backend.car", "pk": 10, "fields": {"name": "1500 Crew Cab", "des": "description", "year": 2020, "brand": "Ram", "category": "Trucks", "model": "Big Horn\nV6, VVT, eTorque, 3.6 Liter", "price": 37500, "horsepower": 260, "mpg": 17, "fuelType": "Gasoline", "seating": "Second Row Seating", "drivetrain": "4WD", "color": "Crystal Metallic", "engine": "3.6L V8 16V MPFI OHV", "transmission": "8-Speed Automatic", "stockid": "KN846494", "vin": "1C6SRFFT5KN846494", "mileage": 21, "expertRating": 3, "img": "cars/10.png", "enable": true, "priority": 1}}, {"model": "Backend.car", "pk": 11, "fields": {"name": "F150 SuperCrew Cab", "des": "description", "year": 2020, "brand": "Ford", "category": "Trucks", "model": "XL\nV6, EcoBoost, 3.5 Liter", "price": 45000, "horsepower": 250, "mpg": 18, "fuelType": "Gasoline", "seating": "Second Row Seating", "drivetrain": "FWD", "color": "Ruby Red Metallic", "engine": "3.5L V6 24V PDI DOHC Twin Turbo", "transmission": "10-Speed Automatic", "stockid": "KKF09277", "vin": "1FTEW1E44KKF09277", "mileage": 17, "expertRating": 3, "img": "cars/11.png", "enable": true, "priority": 1}}, {"model": "Backend.car", "pk": 12, "fields": {"name": "Tacoma Access Cab", "des": "description", "year": 2020, "brand": "Toyota", "category": "Trucks", "model": "SR\n4-Cyl, 2.7 Liter", "price": 28000, "horsepower": 159, "mpg": 20, "fuelType": "Gasoline", "seating": "Second Row Seating", "drivetrain": "4WD", "color": "Quicksand", "engine": "3.5L V6 24V PDI DOHC", "transmission": "6-Speed Automatic", "stockid": "L413", "vin": "5TFSZ5AN0LX224712", "mileage": 0, "expertRating": 3, "img": "cars/12.png", "enable": true, "priority": 1}}, {"model": "Backend.car", "pk": 13, "fields": {"name": "Camry", "des": "description", "year": 2021, "brand": "Toyota", "category": "Sedan", "model": "XSE4-Cyl, 2.5 Liter", "price": 32574, "horsepower": 301, "mpg": 25, "fuelType": "Gasoline", "seating": "Second Row Seating", "drivetrain": "FWD", "color": "Midnight Black Metallic", "engine": "2.5L I4 16V PDI DOHC", "transmission": "8-Speed Automatic", "stockid": "LU939099", "vin": "4T1K61AK7LU939099", "mileage": 5, "expertRating": 5, "img": "cars/13.png", "enable": true, "priority": 1}}, {"model": "Backend.car", "pk": 14, "fields": {"name": "Sequoia", "des": "description", "year": 2020, "brand": "Toyota", "category": "SUV", "model": "SR5\nV8, 5.7 Liter ", "price": 46871, "horsepower": 381, "mpg": 15, "fuelType": "Gasoline", "seating": "Second Row Seating", "drivetrain": "RWD", "color": "Magnetic Gray Metallic", "engine": "5.7L V8 32V MPFI DOHC", "transmission": "6-Speed Automatic", "stockid": "LS074506", "vin": "5TDKY5G16LS074506", "mileage": 10, "expertRating": 3, "img": "cars/14.png", "enable": true, "priority": 1}}, {"model": "Backend.car", "pk": 15, "fields": {"name": "Pilot", "des": "description", "year": 2020, "brand": "Honda", "category": "SUV", "model": "EX-L\nV6, i-VTEC, 3.5 Liter", "price": 35919, "horsepower": 280, "mpg": 23, "fuelType": "Gasoline", "seating": "Second Row Seating", "drivetrain": "FWD", "color": "Platinum White Pearl", "engine": "3.5L V6 24V GDI SOHC", "transmission": "6-Speed Automatic", "stockid": "200580", "vin": "5FNYF5H54LB020479", "mileage": 0, "expertRating": 3, "img": "cars/15.png", "enable": true, "priority": 1}}, {"model": "Backend.car", "pk": 16, "fields": {"name": "Land Cruiser", "des": "description", "year": 2020, "brand": "Toyota ", "category": "SUV", "model": "Heritage Edition\nV8, 5.7 Liter", "price": 91508, "horsepower": 380, "mpg": 14, "fuelType": "Gasoline", "seating": "Second Row Seating", "drivetrain": "FWD", "color": "Black", "engine": "5.7L V8 32V MPFI DOHC", "transmission": "8-Speed Automatic", "stockid": "32014", "vin": "JTMCY7AJ2L4090304", "mileage": 0, "expertRating": 3, "img": "cars/16.png", "enable": true, "priority": 1}}, {"model": "Backend.car", "pk": 17, "fields": {"name": "Flex", "des": "description", "year": 2019, "brand": "Ford", "category": "SUV", "model": "Limited\nV6, 3.5 Liter", "price": 34995, "horsepower": 287, "mpg": 19, "fuelType": "Gasoline", "seating": "Third Row Seating", "drivetrain": "FWD", "color": "Blue Metallic", "engine": "3.5L V6 Cylinder Engine", "transmission": "Automatic", "stockid": "KBA37321", "vin": "2FMGK5D81KBA37321", "mileage": 7, "expertRating": 3, "img": "cars/17.png", "enable": true, "priority": 1}}, {"model": "Backend.car", "pk": 18, "fields": {"name": "Fusion", "des": "description", "year": 2020, "brand": "Ford", "category": "Sedan", "model": "SE\n4-Cyl, EcoBoost, Turbo, 1.5 Liter", "price": 20749, "horsepower": 312, "mpg": 23, "fuelType": "Gasoline", "seating": "Second Row Seating", "drivetrain": "FWD", "color": "Black Metallic", "engine": "1.5L I4 16V GDI DOHC Turbo", "transmission": "6-Speed Automatic", "stockid": "U327", "vin": "3FA6P0HD6LR159807", "mileage": 3, "expertRating": 3, "img": "cars/18.png", "enable": true, "priority": 1}}, {"model": "Backend.car", "pk": 19, "fields": {"name": "Taurus", "des": "description", "year": 2019, "brand": "Ford", "category": "Sedan", "model": "SE\nV6, 3.5 Liter", "price": 16651, "horsepower": 288, "mpg": 21, "fuelType": "Gasoline", "seating": "Second Row Seating", "drivetrain": "FWD", "color": "Oxford White", "engine": "3.5L V6 24V MPFI DOHC", "transmission": "6-Speed Automatic", "stockid": "00191593", "vin": "1FAHP2D88KG117643", "mileage": 0, "expertRating": 3, "img": "cars/19.png", "enable": true, "priority": 1}}, {"model": "Backend.car", "pk": 20, "fields": {"name": "Explorer", "des": "description", "year": 2020, "brand": "Ford", "category": "SUV", "model": "XLT\n4-Cyl, EcoBoost, Turbo, 2.3 Liter", "price": 33848, "horsepower": 300, "mpg": 24, "fuelType": "Gasoline", "seating": "Second Row Seating", "drivetrain": "RWD", "color": "Silver Metallic", "engine": "2.3L I4 16V GDI DOHC Turbo", "transmission": "10-Speed Automatic", "stockid": "GA52780", "vin": "1FMSK7DH9LGA52780", "mileage": 20, "expertRating": 3, "img": "cars/20.png", "enable": true, "priority": 1}}, {"model": "Backend.car", "pk": 21, "fields": {"name": "Focus", "des": "description", "year": 2018, "brand": "Ford", "category": "Sedan", "model": "SEL Sedan 4D\n4-Cyl, 2.0 Liter", "price": 16254, "horsepower": 160, "mpg": 28, "fuelType": "Gasoline", "seating": "Second Row Seating", "drivetrain": "FWD", "color": "Oxford White", "engine": "2.0L I4 16V GDI DOHC", "transmission": "6-Speed PowerShift Automatic", "stockid": "10930", "vin": "1FADP3F2XJL257289", "mileage": 22, "expertRating": 3, "img": "cars/21.png", "enable": true, "priority": 1}}, {"model": "Backend.car", "pk": 22, "fields": {"name": "Insight", "des": "description", "year": 2020, "brand": "Honda", "category": "Sedan", "model": "Touring\n4-Cyl, Hybrid, 1.5 Liter", "price": 29295, "horsepower": 107, "mpg": 52, "fuelType": "Gasoline", "seating": "Second Row Seating", "drivetrain": "FWD", "color": "Crimson Pearl", "engine": "Gas/Electric I-4 1.5 L/91", "transmission": "Variable", "stockid": "LE011530", "vin": "19XZE4F93LE011530", "mileage": 1, "expertRating": 3, "img": "cars/22.png", "enable": true, "priority": 1}}, {"model": "Backend.car", "pk": 23, "fields": {"name": "Passport", "des": "description", "year": 2020, "brand": "Honda", "category": "SUV", "model": "EX-L\nV6, i-VTEC, 3.5 Liter", "price": 36229, "horsepower": 280, "mpg": 22, "fuelType": "Gasoline", "seating": "Second Row Seating", "drivetrain": "FWD", "color": "Deep Scarlet Pearl", "engine": "Regular Unleaded V-6 3.5 L/212", "transmission": "Automatic", "stockid": "409687", "vin": "5FNYF8H59LB009687", "mileage": 10, "expertRating": 3, "img": "cars/23.png", "enable": true, "priority": 1}}, {"model": "Backend.car", "pk": 24, "fields": {"name": "Ridgeline", "des": "description", "year": 2020, "brand": "Honda", "category": "Trucks", "model": "RTL-E\nV6, i-VTEC, 3.5 Liter", "price": 38021, "horsepower": 280, "mpg": 22, "fuelType": "Gasoline", "seating": "Second Row Seating", "drivetrain": "AWD", "color": "Modern Steel", "engine": "3.5L V6 24V GDI SOHC", "transmission": "9-Speed Automatic", "stockid": "H20306", "vin": "5FPYK3F79LB004077", "mileage": 7, "expertRating": 3, "img": "cars/24.png", "enable": true, "priority": 1}}, {"model": "Backend.car", "pk": 25, "fields": {"name": "Fit", "des": "description", "year": 2020, "brand": "Honda", "category": "Hatchback", "model": "LX\n4-Cyl, i-VTEC, 1.5 Liter", "price": 17595, "horsepower": 170, "mpg": 36, "fuelType": "Gasoline", "seating": "Second Row Seating", "drivetrain": "FWD", "color": "Aegean Blue Metallic", "engine": "1.5L I4 16V GDI DOHC Turbo", "transmission": "Automatic CVT", "stockid": "200532", "vin": "3HGGK5H45LM705439", "mileage": 5, "expertRating": 3, "img": "cars/25.png", "enable": true, "priority": 1}}, {"model": "Backend.car", "pk": 37, "fields": {"name": "Camry", "des": "description", "year": 2021, "brand": "Toyota", "category": "Sedan", "model": "XSE4-Cyl, 2.5 Liter", "price": 32574, "horsepower": 301, "mpg": 25, "fuelType": "Gasoline", "seating": "Second Row Seating", "drivetrain": "FWD", "color": "Midnight Black Metallic", "engine": "2.5L I4 16V PDI DOHC", "transmission": "8-Speed Automatic", "stockid": "LU939099", "vin": "4T1K61AK7LU939099", "mileage": 5, "expertRating": 5, "img": "cars/1.png", "enable": false, "priority": 1}}, {"model": "Backend.car", "pk": 38, "fields": {"name": "Camry", "des": "description", "year": 2021, "brand": "Toyota", "category": "Sedan", "model": "XSE4-Cyl, 2.5 Liter", "price": 32574, "horsepower": 301, "mpg": 25, "fuelType": "Gasoline", "seating": "Second Row Seating", "drivetrain": "FWD", "color": "Midnight Black Metallic", "engine": "2.5L I4 16V PDI DOHC", "transmission": "8-Speed Automatic", "stockid": "LU939099", "vin": "4T1K61AK7LU939099", "mileage": 5, "expertRating": 5, "img": "cars/1.png", "enable": false, "priority": 1}}, {"model": "Backend.carimage", "pk": 1, "fields": {"car": 1, "img": "cars/1/1.jpg", "index": 1}}, {"model": "Backend.carimage", "pk": 2, "fields": {"car": 1, "img": "cars/1/2.jpg", "index": 2}}, {"model": "Backend.carimage", "pk": 3, "fields": {"car": 1, "img": "cars/1/3.jpg", "index": 3}}, {"model": "Backend.carimage", "pk": 4, "fields": {"car": 1, "img": "cars/1/4.jpg", "index": 4}}, {"model": "Backend.carimage", "pk": 5, "fields": {"car": 1, "img": "cars/1/5.jpg", "index": 5}}, {"model": "Backend.carimage", "pk": 6, "fields": {"car": 2, "img": "cars/2/1.jpg", "index": 1}}, {"model": "Backend.carimage", "pk": 7, "fields": {"car": 2, "img": "cars/2/2.jpg", "index": 2}}, {"model": "Backend.carimage", "pk": 8, "fields": {"car": 2, "img": "cars/2/3.jpg", "index": 3}}, {"model": "Backend.carimage", "pk": 9, "fields": {"car": 2, "img": "cars/2/4.jpg", "index": 4}}, {"model": "Backend.carimage", "pk": 10, "fields": {"car": 2, "img": "cars/2/5.jpg", "index": 5}}, {"model": "Backend.carimage", "pk": 11, "fields": {"car": 3, "img": "cars/3/1.jpg", "index": 1}}, {"model": "Backend.carimage", "pk": 12, "fields": {"car": 3, "img": "cars/3/2.jpg", "index": 2}}, {"model": "Backend.carimage", "pk": 13, "fields": {"car": 3, "img": "cars/3/3.jpg", "index": 3}}, {"model": "Backend.carimage", "pk": 14, "fields": {"car": 3, "img": "cars/3/4.jpg", "index": 4}}, {"model": "Backend.carimage", "pk": 15, "fields": {"car": 3, "img": "cars/3/5.jpg", "index": 5}}, {"model": "Backend.carimage", "pk": 16, "fields": {"car": 4, "img": "cars/4/1.jpg", "index": 1}}, {"model": "Backend.carimage", "pk": 17, "fields": {"car": 4, "img": "cars/4/2.jpg", "index": 2}}, {"model": "Backend.carimage", "pk": 18, "fields": {"car": 4, "img": "cars/4/3.jpg", "index": 3}}, {"model": "Backend.carimage", "pk": 19, "fields": {"car": 4, "img": "cars/4/4.jpg", "index": 4}}, {"model": "Backend.carimage", "pk": 20, "fields": {"car": 4, "img": "cars/4/5.jpg", "index": 5}}, {"model": "Backend.carimage", "pk": 21, "fields": {"car": 5, "img": "cars/5/1.jpg", "index": 1}}, {"model": "Backend.carimage", "pk": 22, "fields": {"car": 5, "img": "cars/5/2.jpg", "index": 2}}, {"model": "Backend.carimage", "pk": 23, "fields": {"car": 5, "img": "cars/5/3.jpg", "index": 3}}, {"model": "Backend.carimage", "pk": 24, "fields": {"car": 5, "img": "cars/5/4.jpg", "index": 4}}, {"model": "Backend.carimage", "pk": 25, "fields": {"car": 5, "img": "cars/5/5.jpg", "index": 5}}, {"model": "Backend.carimage", "pk": 26, "fields": {"car": 6, "img": "cars/6/1.jpg", "index": 1}}, {"model": "Backend.carimage", "pk": 27, "fields": {"car": 6, "img": "cars/6/2.jpg", "index": 2}}, {"model": "Backend.carimage", "pk": 28, "fields": {"car": 6, "img": "cars/6/3.jpg", "index": 3}}, {"model": "Backend.carimage", "pk": 29, "fields": {"car": 6, "img": "cars/6/4.jpg", "index": 4}}, {"model": "Backend.carimage", "pk": 30, "fields": {"car": 6, "img": "cars/6/5.jpg", "index": 5}}, {"model": "Backend.carimage", "pk": 31, "fields": {"car": 7, "img": "cars/7/1.jpg", "index": 1}}, {"model": "Backend.carimage", "pk": 32, "fields": {"car": 7, "img": "cars/7/2.jpg", "index": 2}}, {"model": "Backend.carimage", "pk": 33, "fields": {"car": 7, "img": "cars/7/3.jpg", "index": 3}}, {"model": "Backend.carimage", "pk": 34, "fields": {"car": 7, "img": "cars/7/4.jpg", "index": 4}}, {"model": "Backend.carimage", "pk": 35, "fields": {"car": 7, "img": "cars/7/5.jpg", "index": 5}}, {"model": "Backend.carimage", "pk": 36, "fields": {"car": 8, "img": "cars/8/1.jpg", "index": 1}}, {"model": "Backend.carimage", "pk": 37, "fields": {"car": 8, "img": "cars/8/2.jpg", "index": 2}}, {"model": "Backend.carimage", "pk": 38, "fields": {"car": 8, "img": "cars/8/3.jpg", "index": 3}}, {"model": "Backend.carimage", "pk": 39, "fields": {"car": 8, "img": "cars/8/4.jpg", "index": 4}}, {"model": "Backend.carimage", "pk": 40, "fields": {"car": 8, "img": "cars/8/5.jpg", "index": 5}}, {"model": "Backend.carimage", "pk": 41, "fields": {"car": 9, "img": "cars/9/1.jpg", "index": 1}}, {"model": "Backend.carimage", "pk": 42, "fields": {"car": 9, "img": "cars/9/2.jpg", "index": 2}}, {"model": "Backend.carimage", "pk": 43, "fields": {"car": 9, "img": "cars/9/3.jpg", "index": 3}}, {"model": "Backend.carimage", "pk": 44, "fields": {"car": 9, "img": "cars/9/4.jpg", "index": 4}}, {"model": "Backend.carimage", "pk": 45, "fields": {"car": 9, "img": "cars/9/5.jpg", "index": 5}}, {"model": "Backend.carimage", "pk": 46, "fields": {"car": 10, "img": "cars/10/1.jpg", "index": 1}}, {"model": "Backend.carimage", "pk": 47, "fields": {"car": 10, "img": "cars/10/2.jpg", "index": 2}}, {"model": "Backend.carimage", "pk": 48, "fields": {"car": 10, "img": "cars/10/3.jpg", "index": 3}}, {"model": "Backend.carimage", "pk": 49, "fields": {"car": 10, "img": "cars/10/4.jpg", "index": 4}}, {"model": "Backend.carimage", "pk": 50, "fields": {"car": 10, "img": "cars/10/5.jpg", "index": 5}}, {"model": "Backend.carimage", "pk": 51, "fields": {"car": 11, "img": "cars/11/1.jpg", "index": 1}}, {"model": "Backend.carimage", "pk": 52, "fields": {"car": 11, "img": "cars/11/2.jpg", "index": 2}}, {"model": "Backend.carimage", "pk": 53, "fields": {"car": 11, "img": "cars/11/3.jpg", "index": 3}}, {"model": "Backend.carimage", "pk": 54, "fields": {"car": 11, "img": "cars/11/4.jpg", "index": 4}}, {"model": "Backend.carimage", "pk": 55, "fields": {"car": 11, "img": "cars/11/5.jpg", "index": 5}}, {"model": "Backend.carimage", "pk": 56, "fields": {"car": 12, "img": "cars/12/1.jpg", "index": 1}}, {"model": "Backend.carimage", "pk": 57, "fields": {"car": 12, "img": "cars/12/2.jpg", "index": 2}}, {"model": "Backend.carimage", "pk": 58, "fields": {"car": 12, "img": "cars/12/3.jpg", "index": 3}}, {"model": "Backend.carimage", "pk": 59, "fields": {"car": 12, "img": "cars/12/4.jpg", "index": 4}}, {"model": "Backend.carimage", "pk": 60, "fields": {"car": 12, "img": "cars/12/5.jpg", "index": 5}}, {"model": "Backend.carimage", "pk": 61, "fields": {"car": 13, "img": "cars/13/1.jpg", "index": 1}}, {"model": "Backend.carimage", "pk": 62, "fields": {"car": 13, "img": "cars/13/2.jpg", "index": 2}}, {"model": "Backend.carimage", "pk": 63, "fields": {"car": 13, "img": "cars/13/3.jpg", "index": 3}}, {"model": "Backend.carimage", "pk": 64, "fields": {"car": 13, "img": "cars/13/4.jpg", "index": 4}}, {"model": "Backend.carimage", "pk": 65, "fields": {"car": 13, "img": "cars/13/5.jpg", "index": 5}}, {"model": "Backend.carimage", "pk": 66, "fields": {"car": 14, "img": "cars/14/1.jpg", "index": 1}}, {"model": "Backend.carimage", "pk": 67, "fields": {"car": 14, "img": "cars/14/2.jpg", "index": 2}}, {"model": "Backend.carimage", "pk": 68, "fields": {"car": 14, "img": "cars/14/3.jpg", "index": 3}}, {"model": "Backend.carimage", "pk": 69, "fields": {"car": 14, "img": "cars/14/4.jpg", "index": 4}}, {"model": "Backend.carimage", "pk": 70, "fields": {"car": 14, "img": "cars/14/5.jpg", "index": 5}}, {"model": "Backend.carimage", "pk": 71, "fields": {"car": 15, "img": "cars/15/1.jpg", "index": 1}}, {"model": "Backend.carimage", "pk": 72, "fields": {"car": 15, "img": "cars/15/2.jpg", "index": 2}}, {"model": "Backend.carimage", "pk": 73, "fields": {"car": 15, "img": "cars/15/3.jpg", "index": 3}}, {"model": "Backend.carimage", "pk": 74, "fields": {"car": 15, "img": "cars/15/4.jpg", "index": 4}}, {"model": "Backend.carimage", "pk": 75, "fields": {"car": 15, "img": "cars/15/5.jpg", "index": 5}}, {"model": "Backend.carimage", "pk": 76, "fields": {"car": 16, "img": "cars/16/1.jpg", "index": 1}}, {"model": "Backend.carimage", "pk": 77, "fields": {"car": 16, "img": "cars/16/2.jpg", "index": 2}}, {"model": "Backend.carimage", "pk": 78, "fields": {"car": 16, "img": "cars/16/3.jpg", "index": 3}}, {"model": "Backend.carimage", "pk": 79, "fields": {"car": 16, "img": "cars/16/4.jpg", "index": 4}}, {"model": "Backend.carimage", "pk": 80, "fields": {"car": 16, "img": "cars/16/5.jpg", "index": 5}}, {"model": "Backend.carimage", "pk": 81, "fields": {"car": 17, "img": "cars/17/1.jpg", "index": 1}}, {"model": "Backend.carimage", "pk": 82, "fields": {"car": 17, "img": "cars/17/2.jpg", "index": 2}}, {"model": "Backend.carimage", "pk": 83, "fields": {"car": 17, "img": "cars/17/3.jpg", "index": 3}}, {"model": "Backend.carimage", "pk": 84, "fields": {"car": 17, "img": "cars/17/4.jpg", "index": 4}}, {"model": "Backend.carimage", "pk": 85, "fields": {"car": 17, "img": "cars/17/5.jpg", "index": 5}}, {"model": "Backend.carimage", "pk": 86, "fields": {"car": 18, "img": "cars/18/1.jpg", "index": 1}}, {"model": "Backend.carimage", "pk": 87, "fields": {"car": 18, "img": "cars/18/2.jpg", "index": 2}}, {"model": "Backend.carimage", "pk": 88, "fields": {"car": 18, "img": "cars/18/3.jpg", "index": 3}}, {"model": "Backend.carimage", "pk": 89, "fields": {"car": 18, "img": "cars/18/4.jpg", "index": 4}}, {"model": "Backend.carimage", "pk": 90, "fields": {"car": 18, "img": "cars/18/5.jpg", "index": 5}}, {"model": "Backend.carimage", "pk": 91, "fields": {"car": 19, "img": "cars/19/1.jpg", "index": 1}}, {"model": "Backend.carimage", "pk": 92, "fields": {"car": 19, "img": "cars/19/2.jpg", "index": 2}}, {"model": "Backend.carimage", "pk": 93, "fields": {"car": 19, "img": "cars/19/3.jpg", "index": 3}}, {"model": "Backend.carimage", "pk": 94, "fields": {"car": 19, "img": "cars/19/4.jpg", "index": 4}}, {"model": "Backend.carimage", "pk": 95, "fields": {"car": 19, "img": "cars/19/5.jpg", "index": 5}}, {"model": "Backend.carimage", "pk": 96, "fields": {"car": 20, "img": "cars/20/1.jpg", "index": 1}}, {"model": "Backend.carimage", "pk": 97, "fields": {"car": 20, "img": "cars/20/2.jpg", "index": 2}}, {"model": "Backend.carimage", "pk": 98, "fields": {"car": 20, "img": "cars/20/3.jpg", "index": 3}}, {"model": "Backend.carimage", "pk": 99, "fields": {"car": 20, "img": "cars/20/4.jpg", "index": 4}}, {"model": "Backend.carimage", "pk": 100, "fields": {"car": 20, "img": "cars/20/5.jpg", "index": 5}}, {"model": "Backend.carimage", "pk": 101, "fields": {"car": 21, "img": "cars/21/1.jpg", "index": 1}}, {"model": "Backend.carimage", "pk": 102, "fields": {"car": 21, "img": "cars/21/2.jpg", "index": 2}}, {"model": "Backend.carimage", "pk": 103, "fields": {"car": 21, "img": "cars/21/3.jpg", "index": 3}}, {"model": "Backend.carimage", "pk": 104, "fields": {"car": 21, "img": "cars/21/4.jpg", "index": 4}}, {"model": "Backend.carimage", "pk": 105, "fields": {"car": 21, "img": "cars/21/5.jpg", "index": 5}}, {"model": "Backend.carimage", "pk": 106, "fields": {"car": 22, "img": "cars/22/1.jpg", "index": 1}}, {"model": "Backend.carimage", "pk": 107, "fields": {"car": 22, "img": "cars/22/2.jpg", "index": 2}}, {"model": "Backend.carimage", "pk": 108, "fields": {"car": 22, "img": "cars/22/3.jpg", "index": 3}}, {"model": "Backend.carimage", "pk": 109, "fields": {"car": 22, "img": "cars/22/4.jpg", "index": 4}}, {"model": "Backend.carimage", "pk": 110, "fields": {"car": 22, "img": "cars/22/5.jpg", "index": 5}}, {"model": "Backend.carimage", "pk": 111, "fields": {"car": 23, "img": "cars/23/1.jpg", "index": 1}}, {"model": "Backend.carimage", "pk": 112, "fields": {"car": 23, "img": "cars/23/2.jpg", "index": 2}}, {"model": "Backend.carimage", "pk": 113, "fields": {"car": 23, "img": "cars/23/3.jpg", "index": 3}}, {"model": "Backend.carimage", "pk": 114, "fields": {"car": 23, "img": "cars/23/4.jpg", "index": 4}}, {"model": "Backend.carimage", "pk": 115, "fields": {"car": 23, "img": "cars/23/5.jpg", "index": 5}}, {"model": "Backend.carimage", "pk": 116, "fields": {"car": 24, "img": "cars/24/1.jpg", "index": 1}}, {"model": "Backend.carimage", "pk": 117, "fields": {"car": 24, "img": "cars/24/2.jpg", "index": 2}}, {"model": "Backend.carimage", "pk": 118, "fields": {"car": 24, "img": "cars/24/3.jpg", "index": 3}}, {"model": "Backend.carimage", "pk": 119, "fields": {"car": 24, "img": "cars/24/4.jpg", "index": 4}}, {"model": "Backend.carimage", "pk": 120, "fields": {"car": 24, "img": "cars/24/5.jpg", "index": 5}}, {"model": "Backend.carimage", "pk": 121, "fields": {"car": 25, "img": "cars/25/1.jpg", "index": 1}}, {"model": "Backend.carimage", "pk": 122, "fields": {"car": 25, "img": "cars/25/2.jpg", "index": 2}}, {"model": "Backend.carimage", "pk": 123, "fields": {"car": 25, "img": "cars/25/3.jpg", "index": 3}}, {"model": "Backend.carimage", "pk": 124, "fields": {"car": 25, "img": "cars/25/4.jpg", "index": 4}}, {"model": "Backend.carimage", "pk": 125, "fields": {"car": 25, "img": "cars/25/5.jpg", "index": 5}}, {"model": "Backend.carimage", "pk": 136, "fields": {"car": 37, "img": "cars/1.png", "index": 1}}, {"model": "Backend.carimage", "pk": 137, "fields": {"car": 38, "img": "cars/1.png", "index": 1}}, {"model": "auth.permission", "pk": 1, "fields": {"name": "Can add log entry", "content_type": 1, "codename": "add_logentry"}}, {"model": "auth.permission", "pk": 2, "fields": {"name": "Can change log entry", "content_type": 1, "codename": "change_logentry"}}, {"model": "auth.permission", "pk": 3, "fields": {"name": "Can delete log entry", "content_type": 1, "codename": "delete_logentry"}}, {"model": "auth.permission", "pk": 4, "fields": {"name": "Can view log entry", "content_type": 1, "codename": "view_logentry"}}, {"model": "auth.permission", "pk": 5, "fields": {"name": "Can add permission", "content_type": 2, "codename": "add_permission"}}, {"model": "auth.permission", "pk": 6, "fields": {"name": "Can change permission", "content_type": 2, "codename": "change_permission"}}, {"model": "auth.permission", "pk": 7, "fields": {"name": "Can delete permission", "content_type": 2, "codename": "delete_permission"}}, {"model": "auth.permission", "pk": 8, "fields": {"name": "Can view permission", "content_type": 2, "codename": "view_permission"}}, {"model": "auth.permission", "pk": 9, "fields": {"name": "Can add group", "content_type": 3, "codename": "add_group"}}, {"model": "auth.permission", "pk": 10, "fields": {"name": "Can change group", "content_type": 3, "codename": "change_group"}}, {"model": "auth.permission", "pk": 11, "fields": {"name": "Can delete group", "content_type": 3, "codename": "delete_group"}}, {"model": "auth.permission", "pk": 12, "fields": {"name": "Can view group", "content_type": 3, "codename": "view_group"}}, {"model": "auth.permission", "pk": 13, "fields": {"name": "Can add content type", "content_type": 4, "codename": "add_contenttype"}}, {"model": "auth.permission", "pk": 14, "fields": {"name": "Can change content type", "content_type": 4, "codename": "change_contenttype"}}, {"model": "auth.permission", "pk": 15, "fields": {"name": "Can delete content type", "content_type": 4, "codename": "delete_contenttype"}}, {"model": "auth.permission", "pk": 16, "fields": {"name": "Can view content type", "content_type": 4, "codename": "view_contenttype"}}, {"model": "auth.permission", "pk": 17, "fields": {"name": "Can add session", "content_type": 5, "codename": "add_session"}}, {"model": "auth.permission", "pk": 18, "fields": {"name": "Can change session", "content_type": 5, "codename": "change_session"}}, {"model": "auth.permission", "pk": 19, "fields": {"name": "Can delete session", "content_type": 5, "codename": "delete_session"}}, {"model": "auth.permission", "pk": 20, "fields": {"name": "Can view session", "content_type": 5, "codename": "view_session"}}, {"model": "auth.permission", "pk": 21, "fields": {"name": "Can add car", "content_type": 6, "codename": "add_car"}}, {"model": "auth.permission", "pk": 22, "fields": {"name": "Can change car", "content_type": 6, "codename": "change_car"}}, {"model": "auth.permission", "pk": 23, "fields": {"name": "Can delete car", "content_type": 6, "codename": "delete_car"}}, {"model": "auth.permission", "pk": 24, "fields": {"name": "Can view car", "content_type": 6, "codename": "view_car"}}, {"model": "auth.permission", "pk": 25, "fields": {"name": "Can add user", "content_type": 7, "codename": "add_user"}}, {"model": "auth.permission", "pk": 26, "fields": {"name": "Can change user", "content_type": 7, "codename": "change_user"}}, {"model": "auth.permission", "pk": 27, "fields": {"name": "Can delete user", "content_type": 7, "codename": "delete_user"}}, {"model": "auth.permission", "pk": 28, "fields": {"name": "Can view user", "content_type": 7, "codename": "view_user"}}, {"model": "auth.permission", "pk": 29, "fields": {"name": "Can add cart", "content_type": 8, "codename": "add_cart"}}, {"model": "auth.permission", "pk": 30, "fields": {"name": "Can change cart", "content_type": 8, "codename": "change_cart"}}, {"model": "auth.permission", "pk": 31, "fields": {"name": "Can delete cart", "content_type": 8, "codename": "delete_cart"}}, {"model": "auth.permission", "pk": 32, "fields": {"name": "Can view cart", "content_type": 8, "codename": "view_cart"}}, {"model": "auth.permission", "pk": 33, "fields": {"name": "Can add car image", "content_type": 9, "codename": "add_carimage"}}, {"model": "auth.permission", "pk": 34, "fields": {"name": "Can change car image", "content_type": 9, "codename": "change_carimage"}}, {"model": "auth.permission", "pk": 35, "fields": {"name": "Can delete car image", "content_type": 9, "codename": "delete_carimage"}}, {"model": "auth.permission", "pk": 36, "fields": {"name": "Can view car image", "content_type": 9, "codename": "view_carimage"}}, {"model": "auth.permission", "pk": 37, "fields": {"name": "Can add order", "content_type": 10, "codename": "add_order"}}, {"model": "auth.permission", "pk": 38, "fields": {"name": "Can change order", "content_type": 10, "codename": "change_order"}}, {"model": "auth.permission", "pk": 39, "fields": {"name": "Can delete order", "content_type": 10, "codename": "delete_order"}}, {"model": "auth.permission", "pk": 40, "fields": {"name": "Can view order", "content_type": 10, "codename": "view_order"}}, {"model": "auth.permission", "pk": 41, "fields": {"name": "Can add order_ car", "content_type": 11, "codename": "add_order_car"}}, {"model": "auth.permission", "pk": 42, "fields": {"name": "Can change order_ car", "content_type": 11, "codename": "change_order_car"}}, {"model": "auth.permission", "pk": 43, "fields": {"name": "Can delete order_ car", "content_type": 11, "codename": "delete_order_car"}}, {"model": "auth.permission", "pk": 44, "fields": {"name": "Can view order_ car", "content_type": 11, "codename": "view_order_car"}}, {"model": "auth.permission", "pk": 45, "fields": {"name": "Can add comment", "content_type": 12, "codename": "add_comment"}}, {"model": "auth.permission", "pk": 46, "fields": {"name": "Can change comment", "content_type": 12, "codename": "change_comment"}}, {"model": "auth.permission", "pk": 47, "fields": {"name": "Can delete comment", "content_type": 12, "codename": "delete_comment"}}, {"model": "auth.permission", "pk": 48, "fields": {"name": "Can view comment", "content_type": 12, "codename": "view_comment"}}, {"model": "Backend.user", "pk": 1, "fields": {"password": "pbkdf2_sha256$180000$ZJ5gGdX1auOK$WLFDPYKevOz1GuvLqCVE+klsHfbHz7ugAqDtu1Xd7TI=", "last_login": "2020-04-09T21:25:01Z", "is_superuser": true, "username": "admin", "email": "", "is_staff": true, "is_active": true, "date_joined": "2020-03-26T02:19:36Z", "img": "avatars/1.png", "groups": [], "user_permissions": []}}, {"model": "Backend.user", "pk": 4, "fields": {"password": "pbkdf2_sha256$180000$CJXB7jGUBD70$p0Q5lVfH44afn1ysmqLzHIwLR4tuTn+4SlOf7yRRsR4=", "last_login": null, "is_superuser": false, "username": "Thor", "email": "", "is_staff": false, "is_active": true, "date_joined": "2020-04-09T21:31:31Z", "img": "avatars/5.png", "groups": [], "user_permissions": []}}, {"model": "Backend.user", "pk": 5, "fields": {"password": "pbkdf2_sha256$180000$CJXB7jGUBD70$p0Q5lVfH44afn1ysmqLzHIwLR4tuTn+4SlOf7yRRsR4=", "last_login": null, "is_superuser": false, "username": "Hulk", "email": "", "is_staff": false, "is_active": true, "date_joined": "2020-04-12T15:26:34Z", "img": "avatars/6.png", "groups": [], "user_permissions": []}}, {"model": "Backend.user", "pk": 6, "fields": {"password": "pbkdf2_sha256$180000$KIrR0vQI2XpV$x5FYimLw0KFgbVcaLCJqXscQM8EUkdk4jtUgcngRhjo=", "last_login": null, "is_superuser": false, "username": "Ironman", "email": "", "is_staff": false, "is_active": true, "date_joined": "2020-04-12T18:27:43.093Z", "img": "avatars/1.png", "groups": [], "user_permissions": []}}, {"model": "Backend.user", "pk": 7, "fields": {"password": "pbkdf2_sha256$180000$ptqyI6GPE1YL$+e6K4zgf3+puLqgYy0xpTzBjKAb407sVTTcfyc5pmsw=", "last_login": null, "is_superuser": false, "username": "CaptainAmerica", "email": "", "is_staff": false, "is_active": true, "date_joined": "2020-04-13T19:02:37.411Z", "img": "avatars/2.png", "groups": [], "user_permissions": []}}, {"model": "Backend.user", "pk": 8, "fields": {"password": "pbkdf2_sha256$180000$gB2KoP1KaBwa$M4bCvGTLumlD4mqRnXw0aybjUjKwAmIg16XzhZBdgqo=", "last_login": null, "is_superuser": false, "username": "AntMan", "email": "", "is_staff": false, "is_active": true, "date_joined": "2020-04-13T19:17:22.482Z", "img": "avatars/8.png", "groups": [], "user_permissions": []}}, {"model": "Backend.user", "pk": 9, "fields": {"password": "pbkdf2_sha256$180000$2sASz3ZcbbgX$fBtj0m8wT9IFy+fTX+XFAIwOFq49CKvFWZBWQ3qMzg0=", "last_login": null, "is_superuser": false, "username": "BlackWidow", "email": "", "is_staff": false, "is_active": true, "date_joined": "2020-04-13T19:22:41.065Z", "img": "avatars/3.png", "groups": [], "user_permissions": []}}, {"model": "Backend.user", "pk": 10, "fields": {"password": "pbkdf2_sha256$180000$6XunOg6Bat74$WeC+B3lrDAob5z1peVNd7V/l/Y8MOOp1oVhjklHBknM=", "last_login": null, "is_superuser": false, "username": "NickFury", "email": "", "is_staff": false, "is_active": true, "date_joined": "2020-04-13T19:24:13.032Z", "img": "avatars/4.png", "groups": [], "user_permissions": []}}, {"model": "Backend.user", "pk": 11, "fields": {"password": "pbkdf2_sha256$180000$fz5FXN36ehhd$eswhzQ6wVoQKietd9uOgOZO4uDTxhiQpMJH3Kv0DA3E=", "last_login": null, "is_superuser": false, "username": "Hawkeye", "email": "", "is_staff": false, "is_active": true, "date_joined": "2020-04-13T19:31:00.084Z", "img": "avatars/7.png", "groups": [], "user_permissions": []}}, {"model": "Backend.order", "pk": 19, "fields": {"user": 1, "paid": false, "pickedUp": false, "firstName": "Nick", "lastName": "Fury", "email": "nickfury@gmail.com", "phone": "1234567890", "message": "", "createTime": "2020-04-11T18:36:05.748Z"}}, {"model": "Backend.order", "pk": 20, "fields": {"user": 1, "paid": false, "pickedUp": false, "firstName": "Nick", "lastName": "Fury", "email": "nickfury@gmail.com", "phone": "1234567890", "message": "", "createTime": "2020-04-11T20:21:54.232Z"}}, {"model": "Backend.order", "pk": 21, "fields": {"user": 5, "paid": false, "pickedUp": false, "firstName": "Nick", "lastName": "Fury", "email": "nickfury@gmail.com", "phone": "1234567890", "message": "", "createTime": "2020-04-12T15:26:53.603Z"}}, {"model": "Backend.order", "pk": 22, "fields": {"user": 6, "paid": false, "pickedUp": false, "firstName": "Nick", "lastName": "Fury", "email": "nickfury@gmail.com", "phone": "1234567890", "message": "", "createTime": "2020-04-12T18:29:35.127Z"}}, {"model": "Backend.order", "pk": 23, "fields": {"user": 6, "paid": false, "pickedUp": false, "firstName": "Nick", "lastName": "Fury", "email": "nickfury@gmail.com", "phone": "1234567890", "message": "", "createTime": "2020-04-12T18:30:47.862Z"}}, {"model": "Backend.order", "pk": 24, "fields": {"user": 4, "paid": false, "pickedUp": false, "firstName": "Nick", "lastName": "Fury", "email": "nickfury@gmail.com", "phone": "1234567890", "message": "I need a horse!", "createTime": "2020-04-13T18:57:59.158Z"}}, {"model": "Backend.order", "pk": 25, "fields": {"user": 7, "paid": false, "pickedUp": false, "firstName": "Nick", "lastName": "Fury", "email": "nickfury@gmail.com", "phone": "1234567890", "message": "", "createTime": "2020-04-13T19:02:56.070Z"}}, {"model": "Backend.order", "pk": 26, "fields": {"user": 8, "paid": false, "pickedUp": false, "firstName": "Nick", "lastName": "Fury", "email": "nickfury@gmail.com", "phone": "1234567890", "message": "", "createTime": "2020-04-13T19:17:33.425Z"}}, {"model": "Backend.order", "pk": 27, "fields": {"user": 9, "paid": false, "pickedUp": false, "firstName": "Nick", "lastName": "Fury", "email": "nickfury@gmail.com", "phone": "1234567890", "message": "", "createTime": "2020-04-13T19:22:51.949Z"}}, {"model": "Backend.order", "pk": 28, "fields": {"user": 10, "paid": false, "pickedUp": false, "firstName": "Nick", "lastName": "Fury", "email": "nickfury@gmail.com", "phone": "1234567890", "message": "", "createTime": "2020-04-13T19:24:25.460Z"}}, {"model": "Backend.order", "pk": 29, "fields": {"user": 11, "paid": false, "pickedUp": false, "firstName": "Nick", "lastName": "Fury", "email": "nickfury@gmail.com", "phone": "1234567890", "message": "", "createTime": "2020-04-13T19:31:25.521Z"}}, {"model": "Backend.order", "pk": 30, "fields": {"user": 11, "paid": false, "pickedUp": false, "firstName": "", "lastName": "", "email": "", "phone": "6468078860", "message": "", "createTime": "2020-04-13T21:22:46.675Z"}}, {"model": "Backend.order", "pk": 31, "fields": {"user": 11, "paid": false, "pickedUp": false, "firstName": "", "lastName": "", "email": "", "phone": "6468078860", "message": "", "createTime": "2020-04-13T21:31:15.517Z"}}, {"model": "Backend.order", "pk": 32, "fields": {"user": 11, "paid": false, "pickedUp": false, "firstName": "", "lastName": "", "email": "", "phone": "6468078860", "message": "", "createTime": "2020-04-13T21:32:03.276Z"}}, {"model": "Backend.order", "pk": 33, "fields": {"user": 11, "paid": false, "pickedUp": false, "firstName": "", "lastName": "", "email": "", "phone": "6468078860", "message": "", "createTime": "2020-04-13T21:33:09.612Z"}}, {"model": "Backend.order", "pk": 34, "fields": {"user": 11, "paid": false, "pickedUp": false, "firstName": "", "lastName": "", "email": "", "phone": "6468078860", "message": "", "createTime": "2020-04-13T21:33:59.934Z"}}, {"model": "Backend.cart", "pk": 1, "fields": {"user": 1, "car": 13, "amount": 1, "saveForLater": false, "createTime": "2020-04-11T14:49:47.302Z", "order": 19}}, {"model": "Backend.cart", "pk": 2, "fields": {"user": 1, "car": 9, "amount": 2, "saveForLater": false, "createTime": "2020-04-11T20:21:26.079Z", "order": 20}}, {"model": "Backend.cart", "pk": 3, "fields": {"user": 1, "car": 8, "amount": 1, "saveForLater": false, "createTime": "2020-04-11T20:21:33.944Z", "order": 20}}, {"model": "Backend.cart", "pk": 4, "fields": {"user": 5, "car": 13, "amount": 1, "saveForLater": false, "createTime": "2020-04-12T15:26:44.927Z", "order": 21}}, {"model": "Backend.cart", "pk": 5, "fields": {"user": 6, "car": 1, "amount": 1, "saveForLater": false, "createTime": "2020-04-12T18:29:24.839Z", "order": 22}}, {"model": "Backend.cart", "pk": 6, "fields": {"user": 6, "car": 13, "amount": 1, "saveForLater": false, "createTime": "2020-04-12T18:30:40.032Z", "order": 23}}, {"model": "Backend.cart", "pk": 13, "fields": {"user": 1, "car": 13, "amount": 1, "saveForLater": false, "createTime": "2020-04-13T18:26:33.184Z", "order": null}}, {"model": "Backend.cart", "pk": 14, "fields": {"user": 4, "car": 13, "amount": 1, "saveForLater": false, "createTime": "2020-04-13T18:57:31.426Z", "order": 24}}, {"model": "Backend.cart", "pk": 15, "fields": {"user": 7, "car": 13, "amount": 1, "saveForLater": false, "createTime": "2020-04-13T19:02:48.073Z", "order": 25}}, {"model": "Backend.cart", "pk": 16, "fields": {"user": 8, "car": 13, "amount": 1, "saveForLater": false, "createTime": "2020-04-13T19:17:26.540Z", "order": 26}}, {"model": "Backend.cart", "pk": 17, "fields": {"user": 9, "car": 13, "amount": 1, "saveForLater": false, "createTime": "2020-04-13T19:22:44.297Z", "order": 27}}, {"model": "Backend.cart", "pk": 18, "fields": {"user": 10, "car": 13, "amount": 1, "saveForLater": false, "createTime": "2020-04-13T19:24:19.038Z", "order": 28}}, {"model": "Backend.cart", "pk": 19, "fields": {"user": 11, "car": 13, "amount": 1, "saveForLater": false, "createTime": "2020-04-13T19:31:03.400Z", "order": 29}}, {"model": "Backend.cart", "pk": 23, "fields": {"user": 11, "car": 13, "amount": 1, "saveForLater": false, "createTime": "2020-04-13T19:56:15.456Z", "order": 30}}, {"model": "Backend.cart", "pk": 24, "fields": {"user": 11, "car": 3, "amount": 1, "saveForLater": false, "createTime": "2020-04-13T21:30:57.257Z", "order": 31}}, {"model": "Backend.cart", "pk": 25, "fields": {"user": 11, "car": 4, "amount": 1, "saveForLater": false, "createTime": "2020-04-13T21:31:56.494Z", "order": 32}}, {"model": "Backend.cart", "pk": 26, "fields": {"user": 11, "car": 13, "amount": 1, "saveForLater": false, "createTime": "2020-04-13T21:32:30.744Z", "order": 33}}, {"model": "Backend.cart", "pk": 27, "fields": {"user": 11, "car": 13, "amount": 1, "saveForLater": false, "createTime": "2020-04-13T21:33:38.615Z", "order": 34}}, {"model": "Backend.comment", "pk": 3, "fields": {"user": 5, "cart": 4, "rating": 1, "comment": "SMASH!", "createTime": "2020-04-12T15:28:16.289Z"}}, {"model": "Backend.comment", "pk": 4, "fields": {"user": 6, "cart": 6, "rating": 3, "comment": "What's the point of owning a race car if you can't drive it?", "createTime": "2020-04-12T18:31:06.793Z"}}, {"model": "Backend.comment", "pk": 5, "fields": {"user": 6, "cart": 5, "rating": 5, "comment": "Is it better to be feared or respected? And I say, is it too much to ask for both? With that in mind I humbly present the crown jewel of Stark Industries\u2019 Freedom Line. It\u2019s the first missile system to incorporate our proprietary repulsor technology. They\u2026 say the best weapon is one you never have to fire. I respectfully disagree! I prefer the weapon you only have to fire once! That\u2019s how dad did it! That\u2019s how America does it! And it\u2019s worked out pretty well so far. Find an excuse to let one of these off the chains and I personally guarantee you, the bad guys won\u2019t even wanna come out of their caves. For your consideration: the Jericho.", "createTime": "2020-04-12T18:34:25.045Z"}}, {"model": "Backend.comment", "pk": 6, "fields": {"user": 4, "cart": 14, "rating": 2, "comment": "I need a horse!", "createTime": "2020-04-13T18:59:03.829Z"}}, {"model": "Backend.comment", "pk": 7, "fields": {"user": 7, "cart": 15, "rating": 5, "comment": "I can do this all day.\r\n(...Hail Hydra...)", "createTime": "2020-04-13T19:13:13.306Z"}}, {"model": "Backend.comment", "pk": 8, "fields": {"user": 8, "cart": 16, "rating": 5, "comment": "Wait a minute, I know this guy. I'm gonna call him Ant-thony.", "createTime": "2020-04-13T19:17:46.017Z"}}, {"model": "Backend.comment", "pk": 9, "fields": {"user": 9, "cart": 17, "rating": 5, "comment": "I'm always picking up after you boys.", "createTime": "2020-04-13T19:23:09.166Z"}}, {"model": "Backend.comment", "pk": 10, "fields": {"user": 10, "cart": 18, "rating": 5, "comment": "Sweet ride.", "createTime": "2020-04-13T19:28:49.888Z"}}, {"model": "Backend.comment", "pk": 11, "fields": {"user": 11, "cart": 19, "rating": 5, "comment": "I see better from a distance.", "createTime": "2020-04-13T19:31:33.746Z"}}, {"model": "admin.logentry", "pk": 1, "fields": {"action_time": "2020-03-26T02:47:32.687Z", "user": 1, "content_type": 8, "object_id": "1", "object_repr": "admin_4", "action_flag": 1, "change_message": "[{\"added\": {}}]"}}, {"model": "admin.logentry", "pk": 2, "fields": {"action_time": "2020-03-26T02:49:14.412Z", "user": 1, "content_type": 8, "object_id": "2", "object_repr": "ironman_9", "action_flag": 1, "change_message": "[{\"added\": {}}]"}}, {"model": "admin.logentry", "pk": 3, "fields": {"action_time": "2020-03-26T13:15:49.093Z", "user": 1, "content_type": 8, "object_id": "3", "object_repr": "admin_2", "action_flag": 1, "change_message": "[{\"added\": {}}]"}}, {"model": "admin.logentry", "pk": 4, "fields": {"action_time": "2020-03-29T18:43:44.471Z", "user": 1, "content_type": 8, "object_id": "4", "object_repr": "admin_4", "action_flag": 1, "change_message": "[{\"added\": {}}]"}}, {"model": "admin.logentry", "pk": 5, "fields": {"action_time": "2020-03-29T23:16:29.713Z", "user": 1, "content_type": 8, "object_id": "5", "object_repr": "admin_2", "action_flag": 1, "change_message": "[{\"added\": {}}]"}}, {"model": "admin.logentry", "pk": 6, "fields": {"action_time": "2020-03-29T23:16:39.485Z", "user": 1, "content_type": 8, "object_id": "6", "object_repr": "admin_6", "action_flag": 1, "change_message": "[{\"added\": {}}]"}}, {"model": "admin.logentry", "pk": 7, "fields": {"action_time": "2020-03-29T23:16:48.914Z", "user": 1, "content_type": 8, "object_id": "7", "object_repr": "admin_21", "action_flag": 1, "change_message": "[{\"added\": {}}]"}}, {"model": "admin.logentry", "pk": 8, "fields": {"action_time": "2020-03-29T23:17:03.943Z", "user": 1, "content_type": 8, "object_id": "8", "object_repr": "admin_2", "action_flag": 1, "change_message": "[{\"added\": {}}]"}}, {"model": "admin.logentry", "pk": 9, "fields": {"action_time": "2020-04-07T02:17:11.934Z", "user": 1, "content_type": 8, "object_id": "6", "object_repr": "admin_2", "action_flag": 2, "change_message": "[{\"changed\": {\"fields\": [\"User\"]}}]"}}, {"model": "admin.logentry", "pk": 10, "fields": {"action_time": "2020-04-08T01:58:27.720Z", "user": 1, "content_type": 6, "object_id": "13", "object_repr": "Camry", "action_flag": 2, "change_message": "[{\"changed\": {\"fields\": [\"Model\", \"Img\"]}}]"}}, {"model": "admin.logentry", "pk": 11, "fields": {"action_time": "2020-04-08T02:00:13.443Z", "user": 1, "content_type": 6, "object_id": "13", "object_repr": "Camry", "action_flag": 2, "change_message": "[{\"changed\": {\"fields\": [\"Img\"]}}]"}}, {"model": "admin.logentry", "pk": 12, "fields": {"action_time": "2020-04-09T21:25:43.058Z", "user": 1, "content_type": 7, "object_id": "2", "object_repr": "ironman", "action_flag": 2, "change_message": "[{\"changed\": {\"fields\": [\"Img\"]}}]"}}, {"model": "admin.logentry", "pk": 13, "fields": {"action_time": "2020-04-09T21:25:59.594Z", "user": 1, "content_type": 7, "object_id": "1", "object_repr": "admin", "action_flag": 2, "change_message": "[{\"changed\": {\"fields\": [\"Img\"]}}]"}}, {"model": "admin.logentry", "pk": 14, "fields": {"action_time": "2020-04-09T21:28:09.583Z", "user": 1, "content_type": 7, "object_id": "3", "object_repr": "hulk", "action_flag": 2, "change_message": "[{\"changed\": {\"fields\": [\"Img\"]}}]"}}, {"model": "admin.logentry", "pk": 15, "fields": {"action_time": "2020-04-09T21:28:18.067Z", "user": 1, "content_type": 7, "object_id": "2", "object_repr": "ironman", "action_flag": 2, "change_message": "[{\"changed\": {\"fields\": [\"Img\"]}}]"}}, {"model": "admin.logentry", "pk": 16, "fields": {"action_time": "2020-04-09T21:29:00.946Z", "user": 1, "content_type": 7, "object_id": "1", "object_repr": "admin", "action_flag": 2, "change_message": "[{\"changed\": {\"fields\": [\"Img\"]}}]"}}, {"model": "admin.logentry", "pk": 17, "fields": {"action_time": "2020-04-12T15:25:59.974Z", "user": 1, "content_type": 7, "object_id": "3", "object_repr": "hulk", "action_flag": 3, "change_message": ""}}, {"model": "admin.logentry", "pk": 18, "fields": {"action_time": "2020-04-12T18:24:33.900Z", "user": 1, "content_type": 7, "object_id": "5", "object_repr": "Hulk", "action_flag": 2, "change_message": "[{\"changed\": {\"fields\": [\"Password\"]}}]"}}, {"model": "admin.logentry", "pk": 19, "fields": {"action_time": "2020-04-12T18:27:02.065Z", "user": 1, "content_type": 7, "object_id": "4", "object_repr": "Thor", "action_flag": 2, "change_message": "[{\"changed\": {\"fields\": [\"Password\"]}}]"}}, {"model": "admin.logentry", "pk": 20, "fields": {"action_time": "2020-04-12T18:27:14.010Z", "user": 1, "content_type": 7, "object_id": "2", "object_repr": "ironman", "action_flag": 3, "change_message": ""}}]